receptor,family,region,region_name,fmol_per_mg_protein,areas,fit
"AMPA","Glutamate","Precentral","Precentral Gyrus","293.5","4 6","approx"
"AMPA","Glutamate","Frontal_Sup","Superior Frontal Gyrus","650.5","8 9","approx"
"AMPA","Glutamate","Frontal_Mid","Middle Frontal Gyrus","652","8 9 10L 46","approx"
"AMPA","Glutamate","Frontal_Inf_Oper","Inferior Frontal Gyrus, Opercular","492","44","exact"
"AMPA","Glutamate","Frontal_Inf_Tri","Inferior Frontal Gyrus, Triangular","472","45","exact"
"AMPA","Glutamate","Frontal_Inf_Orb","Inferior Frontal Gyrus, Orbital","689","47","approx"
"AMPA","Glutamate","Supp_Motor_Area","Supplementary Motor Area","301","6","approx"
"AMPA","Glutamate","Frontal_Sup_Medial","Superior Frontal Gyrus, Medial","714","10M","approx"
"AMPA","Glutamate","Frontal_Med_Orb","Medial Orbitofrontal Cortex","791","11","approx"
"AMPA","Glutamate","Rectus","Gyrus Rectus","791","11","approx"
"AMPA","Glutamate","Cingulum_Ant","Anterior Cingulate","446","24 32","approx"
"AMPA","Glutamate","Cingulum_Mid","Middle Cingulate","436.5","24 23","approx"
"AMPA","Glutamate","Cingulum_Post","Posterior Cingulate","382","23 31","approx"
"AMPA","Glutamate","ParaHippocampal","Parahippocampal Gyrus","638","36","approx"
"AMPA","Glutamate","Heschl","Heschl's Gyrus","488.5","41 42","approx"
"AMPA","Glutamate","Temporal_Sup","Superior Temporal Gyrus","502","42 22","approx"
"AMPA","Glutamate","Temporal_Pole_Sup","Temporal Pole, Superior","715","38","exact"
"AMPA","Glutamate","Temporal_Mid","Middle Temporal Gyrus","618","21","exact"
"AMPA","Glutamate","Temporal_Pole_Mid","Temporal Pole, Middle","715","38","exact"
"AMPA","Glutamate","Temporal_Inf","Inferior Temporal Gyrus","541","37B 37L 20","approx"
"AMPA","Glutamate","Postcentral","Postcentral Gyrus","462.3","1 2 3a 3b","exact"
"AMPA","Glutamate","Parietal_Sup","Superior Parietal Lobule","366","5L","approx"
"AMPA","Glutamate","Parietal_Inf","Inferior Parietal Lobule","513","PFm","approx"
"AMPA","Glutamate","SupraMarginal","Supramarginal Gyrus","499","PFt PFm","approx"
"AMPA","Glutamate","Angular","Angular Gyrus","399","PGa PGp","exact"
"AMPA","Glutamate","Precuneus","Precuneus","391","31 5M","approx"
"AMPA","Glutamate","Paracentral_Lobule","Paracentral Lobule","382","5M","approx"
"AMPA","Glutamate","Calcarine","Calcarine Cortex","496","V1","exact"
"AMPA","Glutamate","Cuneus","Cuneus","487.7","V2d V3A V3d","approx"
"AMPA","Glutamate","Lingual","Lingual Gyrus","444","V2v V3v V4v","approx"
"AMPA","Glutamate","Occipital_Sup","Superior Occipital Gyrus","506","V3A V3d","approx"
"AMPA","Glutamate","Occipital_Mid","Middle Occipital Gyrus","506","37L","approx"
"AMPA","Glutamate","Occipital_Inf","Inferior Occipital Gyrus","430","V3v V4v","approx"
"AMPA","Glutamate","Fusiform","Fusiform Gyrus","581.3","FG1 FG2 37B 37M","approx"
"NMDA","Glutamate","Precentral","Precentral Gyrus","745","4 6","approx"
"NMDA","Glutamate","Frontal_Sup","Superior Frontal Gyrus","1189","8 9","approx"
"NMDA","Glutamate","Frontal_Mid","Middle Frontal Gyrus","1118.8","8 9 10L 46","approx"
"NMDA","Glutamate","Frontal_Inf_Oper","Inferior Frontal Gyrus, Opercular","964","44","exact"
"NMDA","Glutamate","Frontal_Inf_Tri","Inferior Frontal Gyrus, Triangular","1078","45","exact"
"NMDA","Glutamate","Frontal_Inf_Orb","Inferior Frontal Gyrus, Orbital","1033","47","approx"
"NMDA","Glutamate","Supp_Motor_Area","Supplementary Motor Area","751","6","approx"
"NMDA","Glutamate","Frontal_Sup_Medial","Superior Frontal Gyrus, Medial","1079","10M","approx"
"NMDA","Glutamate","Frontal_Med_Orb","Medial Orbitofrontal Cortex","1234","11","approx"
"NMDA","Glutamate","Rectus","Gyrus Rectus","1234","11","approx"
"NMDA","Glutamate","Cingulum_Ant","Anterior Cingulate","1388.5","24 32","approx"
"NMDA","Glutamate","Cingulum_Mid","Middle Cingulate","1307.5","24 23","approx"
"NMDA","Glutamate","Cingulum_Post","Posterior Cingulate","1185.5","23 31","approx"
"NMDA","Glutamate","ParaHippocampal","Parahippocampal Gyrus","1343","36","approx"
"NMDA","Glutamate","Heschl","Heschl's Gyrus","1269","41 42","approx"
"NMDA","Glutamate","Temporal_Sup","Superior Temporal Gyrus","1242","42 22","approx"
"NMDA","Glutamate","Temporal_Pole_Sup","Temporal Pole, Superior","1432","38","exact"
"NMDA","Glutamate","Temporal_Mid","Middle Temporal Gyrus","1314","21","exact"
"NMDA","Glutamate","Temporal_Pole_Mid","Temporal Pole, Middle","1432","38","exact"
"NMDA","Glutamate","Temporal_Inf","Inferior Temporal Gyrus","1273.3","37B 37L 20","approx"
"NMDA","Glutamate","Postcentral","Postcentral Gyrus","1218","1 2 3a 3b","exact"
"NMDA","Glutamate","Parietal_Sup","Superior Parietal Lobule","1095","5L","approx"
"NMDA","Glutamate","Parietal_Inf","Inferior Parietal Lobule","1244","PFm","approx"
"NMDA","Glutamate","SupraMarginal","Supramarginal Gyrus","1203","PFt PFm","approx"
"NMDA","Glutamate","Angular","Angular Gyrus","1200.5","PGa PGp","exact"
"NMDA","Glutamate","Precuneus","Precuneus","1117","31 5M","approx"
"NMDA","Glutamate","Paracentral_Lobule","Paracentral Lobule","1000","5M","approx"
"NMDA","Glutamate","Calcarine","Calcarine Cortex","1735","V1","exact"
"NMDA","Glutamate","Cuneus","Cuneus","1445.7","V2d V3A V3d","approx"
"NMDA","Glutamate","Lingual","Lingual Gyrus","1397.7","V2v V3v V4v","approx"
"NMDA","Glutamate","Occipital_Sup","Superior Occipital Gyrus","1443.5","V3A V3d","approx"
"NMDA","Glutamate","Occipital_Mid","Middle Occipital Gyrus","1312","37L","approx"
"NMDA","Glutamate","Occipital_Inf","Inferior Occipital Gyrus","1372","V3v V4v","approx"
"NMDA","Glutamate","Fusiform","Fusiform Gyrus","1322.8","FG1 FG2 37B 37M","approx"
"Kainate","Glutamate","Precentral","Precentral Gyrus","295.5","4 6","approx"
"Kainate","Glutamate","Frontal_Sup","Superior Frontal Gyrus","718","8 9","approx"
"Kainate","Glutamate","Frontal_Mid","Middle Frontal Gyrus","696.3","8 9 10L 46","approx"
"Kainate","Glutamate","Frontal_Inf_Oper","Inferior Frontal Gyrus, Opercular","498","44","exact"
"Kainate","Glutamate","Frontal_Inf_Tri","Inferior Frontal Gyrus, Triangular","434","45","exact"
"Kainate","Glutamate","Frontal_Inf_Orb","Inferior Frontal Gyrus, Orbital","586","47","approx"
"Kainate","Glutamate","Supp_Motor_Area","Supplementary Motor Area","305","6","approx"
"Kainate","Glutamate","Frontal_Sup_Medial","Superior Frontal Gyrus, Medial","699","10M","approx"
"Kainate","Glutamate","Frontal_Med_Orb","Medial Orbitofrontal Cortex","766","11","approx"
"Kainate","Glutamate","Rectus","Gyrus Rectus","766","11","approx"
"Kainate","Glutamate","Cingulum_Ant","Anterior Cingulate","755","24 32","approx"
"Kainate","Glutamate","Cingulum_Mid","Middle Cingulate","685","24 23","approx"
"Kainate","Glutamate","Cingulum_Post","Posterior Cingulate","564","23 31","approx"
"Kainate","Glutamate","ParaHippocampal","Parahippocampal Gyrus","673","36","approx"
"Kainate","Glutamate","Heschl","Heschl's Gyrus","594","41 42","approx"
"Kainate","Glutamate","Temporal_Sup","Superior Temporal Gyrus","645","42 22","approx"
"Kainate","Glutamate","Temporal_Pole_Sup","Temporal Pole, Superior","496","38","exact"
"Kainate","Glutamate","Temporal_Mid","Middle Temporal Gyrus","762","21","exact"
"Kainate","Glutamate","Temporal_Pole_Mid","Temporal Pole, Middle","496","38","exact"
"Kainate","Glutamate","Temporal_Inf","Inferior Temporal Gyrus","591","37B 37L 20","approx"
"Kainate","Glutamate","Postcentral","Postcentral Gyrus","598.3","1 2 3a 3b","exact"
"Kainate","Glutamate","Parietal_Sup","Superior Parietal Lobule","441","5L","approx"
"Kainate","Glutamate","Parietal_Inf","Inferior Parietal Lobule","532","PFm","approx"
"Kainate","Glutamate","SupraMarginal","Supramarginal Gyrus","500.5","PFt PFm","approx"
"Kainate","Glutamate","Angular","Angular Gyrus","536","PGa PGp","exact"
"Kainate","Glutamate","Precuneus","Precuneus","487.5","31 5M","approx"
"Kainate","Glutamate","Paracentral_Lobule","Paracentral Lobule","388","5M","approx"
"Kainate","Glutamate","Calcarine","Calcarine Cortex","329","V1","exact"
"Kainate","Glutamate","Cuneus","Cuneus","354.3","V2d V3A V3d","approx"
"Kainate","Glutamate","Lingual","Lingual Gyrus","373","V2v V3v V4v","approx"
"Kainate","Glutamate","Occipital_Sup","Superior Occipital Gyrus","372.5","V3A V3d","approx"
"Kainate","Glutamate","Occipital_Mid","Middle Occipital Gyrus","588","37L","approx"
"Kainate","Glutamate","Occipital_Inf","Inferior Occipital Gyrus","376.5","V3v V4v","approx"
"Kainate","Glutamate","Fusiform","Fusiform Gyrus","473.3","FG1 FG2 37B 37M","approx"
"GABA-A","GABA","Precentral","Precentral Gyrus","976","4 6","approx"
"GABA-A","GABA","Frontal_Sup","Superior Frontal Gyrus","1260","8 9","approx"
"GABA-A","GABA","Frontal_Mid","Middle Frontal Gyrus","1318.3","8 9 10L 46","approx"
"GABA-A","GABA","Frontal_Inf_Oper","Inferior Frontal Gyrus, Opercular","1302","44","exact"
"GABA-A","GABA","Frontal_Inf_Tri","Inferior Frontal Gyrus, Triangular","1515","45","exact"
"GABA-A","GABA","Frontal_Inf_Orb","Inferior Frontal Gyrus, Orbital","1535","47","approx"
"GABA-A","GABA","Supp_Motor_Area","Supplementary Motor Area","953","6","approx"
"GABA-A","GABA","Frontal_Sup_Medial","Superior Frontal Gyrus, Medial","1357","10M","approx"
"GABA-A","GABA","Frontal_Med_Orb","Medial Orbitofrontal Cortex","1452","11","approx"
"GABA-A","GABA","Rectus","Gyrus Rectus","1452","11","approx"
"GABA-A","GABA","Cingulum_Ant","Anterior Cingulate","1180.5","24 32","approx"
"GABA-A","GABA","Cingulum_Mid","Middle Cingulate","1434","24 23","approx"
"GABA-A","GABA","Cingulum_Post","Posterior Cingulate","1729","23 31","approx"
"GABA-A","GABA","ParaHippocampal","Parahippocampal Gyrus","1366","36","approx"
"GABA-A","GABA","Heschl","Heschl's Gyrus","1634","41 42","approx"
"GABA-A","GABA","Temporal_Sup","Superior Temporal Gyrus","1498","42 22","approx"
"GABA-A","GABA","Temporal_Pole_Sup","Temporal Pole, Superior","1406","38","exact"
"GABA-A","GABA","Temporal_Mid","Middle Temporal Gyrus","1636","21","exact"
"GABA-A","GABA","Temporal_Pole_Mid","Temporal Pole, Middle","1406","38","exact"
"GABA-A","GABA","Temporal_Inf","Inferior Temporal Gyrus","1526","37B 37L 20","approx"
"GABA-A","GABA","Postcentral","Postcentral Gyrus","1677.8","1 2 3a 3b","exact"
"GABA-A","GABA","Parietal_Sup","Superior Parietal Lobule","1626","5L","approx"
"GABA-A","GABA","Parietal_Inf","Inferior Parietal Lobule","1649","PFm","approx"
"GABA-A","GABA","SupraMarginal","Supramarginal Gyrus","1509","PFt PFm","approx"
"GABA-A","GABA","Angular","Angular Gyrus","1760","PGa PGp","exact"
"GABA-A","GABA","Precuneus","Precuneus","1625","31 5M","approx"
"GABA-A","GABA","Paracentral_Lobule","Paracentral Lobule","1463","5M","approx"
"GABA-A","GABA","Calcarine","Calcarine Cortex","2702","V1","exact"
"GABA-A","GABA","Cuneus","Cuneus","1977.7","V2d V3A V3d","approx"
"GABA-A","GABA","Lingual","Lingual Gyrus","2282.3","V2v V3v V4v","approx"
"GABA-A","GABA","Occipital_Sup","Superior Occipital Gyrus","2053.5","V3A V3d","approx"
"GABA-A","GABA","Occipital_Mid","Middle Occipital Gyrus","1509","37L","approx"
"GABA-A","GABA","Occipital_Inf","Inferior Occipital Gyrus","2252.5","V3v V4v","approx"
"GABA-A","GABA","Fusiform","Fusiform Gyrus","1423.3","FG1 FG2 37B 37M","approx"
"GABA-A benzodiazepine site","GABA","Precentral","Precentral Gyrus","1826.5","4 6","approx"
"GABA-A benzodiazepine site","GABA","Frontal_Sup","Superior Frontal Gyrus","2416","8 9","approx"
"GABA-A benzodiazepine site","GABA","Frontal_Mid","Middle Frontal Gyrus","2520","8 9 10L 46","approx"
"GABA-A benzodiazepine site","GABA","Frontal_Inf_Oper","Inferior Frontal Gyrus, Opercular","1797","44","exact"
"GABA-A benzodiazepine site","GABA","Frontal_Inf_Tri","Inferior Frontal Gyrus, Triangular","2038","45","exact"
"GABA-A benzodiazepine site","GABA","Frontal_Inf_Orb","Inferior Frontal Gyrus, Orbital","2658","47","approx"
"GABA-A benzodiazepine site","GABA","Supp_Motor_Area","Supplementary Motor Area","1811","6","approx"
"GABA-A benzodiazepine site","GABA","Frontal_Sup_Medial","Superior Frontal Gyrus, Medial","2820","10M","approx"
"GABA-A benzodiazepine site","GABA","Frontal_Med_Orb","Medial Orbitofrontal Cortex","2869","11","approx"
"GABA-A benzodiazepine site","GABA","Rectus","Gyrus Rectus","2869","11","approx"
"GABA-A benzodiazepine site","GABA","Cingulum_Ant","Anterior Cingulate","2782","24 32","approx"
"GABA-A benzodiazepine site","GABA","Cingulum_Mid","Middle Cingulate","2910","24 23","approx"
"GABA-A benzodiazepine site","GABA","Cingulum_Post","Posterior Cingulate","3013.5","23 31","approx"
"GABA-A benzodiazepine site","GABA","ParaHippocampal","Parahippocampal Gyrus","2322","36","approx"
"GABA-A benzodiazepine site","GABA","Heschl","Heschl's Gyrus","2652","41 42","approx"
"GABA-A benzodiazepine site","GABA","Temporal_Sup","Superior Temporal Gyrus","2579","42 22","approx"
"GABA-A benzodiazepine site","GABA","Temporal_Pole_Sup","Temporal Pole, Superior","1961","38","exact"
"GABA-A benzodiazepine site","GABA","Temporal_Mid","Middle Temporal Gyrus","2552","21","exact"
"GABA-A benzodiazepine site","GABA","Temporal_Pole_Mid","Temporal Pole, Middle","1961","38","exact"
"GABA-A benzodiazepine site","GABA","Temporal_Inf","Inferior Temporal Gyrus","2826.7","37B 37L 20","approx"
"GABA-A benzodiazepine site","GABA","Postcentral","Postcentral Gyrus","2605.8","1 2 3a 3b","exact"
"GABA-A benzodiazepine site","GABA","Parietal_Sup","Superior Parietal Lobule","3319","5L","approx"
"GABA-A benzodiazepine site","GABA","Parietal_Inf","Inferior Parietal Lobule","3407","PFm","approx"
"GABA-A benzodiazepine site","GABA","SupraMarginal","Supramarginal Gyrus","3300.5","PFt PFm","approx"
"GABA-A benzodiazepine site","GABA","Angular","Angular Gyrus","3223.5","PGa PGp","exact"
"GABA-A benzodiazepine site","GABA","Precuneus","Precuneus","3162.5","31 5M","approx"
"GABA-A benzodiazepine site","GABA","Paracentral_Lobule","Paracentral Lobule","3321","5M","approx"
"GABA-A benzodiazepine site","GABA","Calcarine","Calcarine Cortex","3525","V1","exact"
"GABA-A benzodiazepine site","GABA","Cuneus","Cuneus","2758","V2d V3A V3d","approx"
"GABA-A benzodiazepine site","GABA","Lingual","Lingual Gyrus","2823.7","V2v V3v V4v","approx"
"GABA-A benzodiazepine site","GABA","Occipital_Sup","Superior Occipital Gyrus","2520","V3A V3d","approx"
"GABA-A benzodiazepine site","GABA","Occipital_Mid","Middle Occipital Gyrus","3118","37L","approx"
"GABA-A benzodiazepine site","GABA","Occipital_Inf","Inferior Occipital Gyrus","2648.5","V3v V4v","approx"
"GABA-A benzodiazepine site","GABA","Fusiform","Fusiform Gyrus","2551.8","FG1 FG2 37B 37M","approx"
"GABA-B","GABA","Precentral","Precentral Gyrus","1506","4 6","approx"
"GABA-B","GABA","Frontal_Sup","Superior Frontal Gyrus","2737","8 9","approx"
"GABA-B","GABA","Frontal_Mid","Middle Frontal Gyrus","2640.3","8 9 10L 46","approx"
"GABA-B","GABA","Frontal_Inf_Oper","Inferior Frontal Gyrus, Opercular","1487","44","exact"
"GABA-B","GABA","Frontal_Inf_Tri","Inferior Frontal Gyrus, Triangular","1428","45","exact"
"GABA-B","GABA","Frontal_Inf_Orb","Inferior Frontal Gyrus, Orbital","2723","47","approx"
"GABA-B","GABA","Supp_Motor_Area","Supplementary Motor Area","1675","6","approx"
"GABA-B","GABA","Frontal_Sup_Medial","Superior Frontal Gyrus, Medial","2552","10M","approx"
"GABA-B","GABA","Frontal_Med_Orb","Medial Orbitofrontal Cortex","2985","11","approx"
"GABA-B","GABA","Rectus","Gyrus Rectus","2985","11","approx"
"GABA-B","GABA","Cingulum_Ant","Anterior Cingulate","2591.5","24 32","approx"
"GABA-B","GABA","Cingulum_Mid","Middle Cingulate","2345","24 23","approx"
"GABA-B","GABA","Cingulum_Post","Posterior Cingulate","2051.5","23 31","approx"
"GABA-B","GABA","ParaHippocampal","Parahippocampal Gyrus","2801","36","approx"
"GABA-B","GABA","Heschl","Heschl's Gyrus","2292","41 42","approx"
"GABA-B","GABA","Temporal_Sup","Superior Temporal Gyrus","2437.5","42 22","approx"
"GABA-B","GABA","Temporal_Pole_Sup","Temporal Pole, Superior","1706","38","exact"
"GABA-B","GABA","Temporal_Mid","Middle Temporal Gyrus","2721","21","exact"
"GABA-B","GABA","Temporal_Pole_Mid","Temporal Pole, Middle","1706","38","exact"
"GABA-B","GABA","Temporal_Inf","Inferior Temporal Gyrus","2396","37B 37L 20","approx"
"GABA-B","GABA","Postcentral","Postcentral Gyrus","2233.5","1 2 3a 3b","exact"
"GABA-B","GABA","Parietal_Sup","Superior Parietal Lobule","2527","5L","approx"
"GABA-B","GABA","Parietal_Inf","Inferior Parietal Lobule","1881","PFm","approx"
"GABA-B","GABA","SupraMarginal","Supramarginal Gyrus","2051.5","PFt PFm","approx"
"GABA-B","GABA","Angular","Angular Gyrus","2096","PGa PGp","exact"
"GABA-B","GABA","Precuneus","Precuneus","2282.5","31 5M","approx"
"GABA-B","GABA","Paracentral_Lobule","Paracentral Lobule","2450","5M","approx"
"GABA-B","GABA","Calcarine","Calcarine Cortex","2165","V1","exact"
"GABA-B","GABA","Cuneus","Cuneus","1757.7","V2d V3A V3d","approx"
"GABA-B","GABA","Lingual","Lingual Gyrus","1918","V2v V3v V4v","approx"
"GABA-B","GABA","Occipital_Sup","Superior Occipital Gyrus","1654.5","V3A V3d","approx"
"GABA-B","GABA","Occipital_Mid","Middle Occipital Gyrus","2354","37L","approx"
"GABA-B","GABA","Occipital_Inf","Inferior Occipital Gyrus","1917","V3v V4v","approx"
"GABA-B","GABA","Fusiform","Fusiform Gyrus","2202","FG1 FG2 37B 37M","approx"
"M1 muscarinic","Acetylcholine","Precentral","Precentral Gyrus","322.5","4 6","approx"
"M1 muscarinic","Acetylcholine","Frontal_Sup","Superior Frontal Gyrus","607.5","8 9","approx"
"M1 muscarinic","Acetylcholine","Frontal_Mid","Middle Frontal Gyrus","613.8","8 9 10L 46","approx"
"M1 muscarinic","Acetylcholine","Frontal_Inf_Oper","Inferior Frontal Gyrus, Opercular","631","44","exact"
"M1 muscarinic","Acetylcholine","Frontal_Inf_Tri","Inferior Frontal Gyrus, Triangular","676","45","exact"
"M1 muscarinic","Acetylcholine","Frontal_Inf_Orb","Inferior Frontal Gyrus, Orbital","725","47","approx"
"M1 muscarinic","Acetylcholine","Supp_Motor_Area","Supplementary Motor Area","400","6","approx"
"M1 muscarinic","Acetylcholine","Frontal_Sup_Medial","Superior Frontal Gyrus, Medial","531","10M","approx"
"M1 muscarinic","Acetylcholine","Frontal_Med_Orb","Medial Orbitofrontal Cortex","581","11","approx"
"M1 muscarinic","Acetylcholine","Rectus","Gyrus Rectus","581","11","approx"
"M1 muscarinic","Acetylcholine","Cingulum_Ant","Anterior Cingulate","718.5","24 32","approx"
"M1 muscarinic","Acetylcholine","Cingulum_Mid","Middle Cingulate","687","24 23","approx"
"M1 muscarinic","Acetylcholine","Cingulum_Post","Posterior Cingulate","665.5","23 31","approx"
"M1 muscarinic","Acetylcholine","ParaHippocampal","Parahippocampal Gyrus","718","36","approx"
"M1 muscarinic","Acetylcholine","Heschl","Heschl's Gyrus","724","41 42","approx"
"M1 muscarinic","Acetylcholine","Temporal_Sup","Superior Temporal Gyrus","777.5","42 22","approx"
"M1 muscarinic","Acetylcholine","Temporal_Pole_Sup","Temporal Pole, Superior","814","38","exact"
"M1 muscarinic","Acetylcholine","Temporal_Mid","Middle Temporal Gyrus","826","21","exact"
"M1 muscarinic","Acetylcholine","Temporal_Pole_Mid","Temporal Pole, Middle","814","38","exact"
"M1 muscarinic","Acetylcholine","Temporal_Inf","Inferior Temporal Gyrus","796.3","37B 37L 20","approx"
"M1 muscarinic","Acetylcholine","Postcentral","Postcentral Gyrus","611.3","1 2 3a 3b","exact"
"M1 muscarinic","Acetylcholine","Parietal_Sup","Superior Parietal Lobule","514","5L","approx"
"M1 muscarinic","Acetylcholine","Parietal_Inf","Inferior Parietal Lobule","733","PFm","approx"
"M1 muscarinic","Acetylcholine","SupraMarginal","Supramarginal Gyrus","749","PFt PFm","approx"
"M1 muscarinic","Acetylcholine","Angular","Angular Gyrus","635","PGa PGp","exact"
"M1 muscarinic","Acetylcholine","Precuneus","Precuneus","626.5","31 5M","approx"
"M1 muscarinic","Acetylcholine","Paracentral_Lobule","Paracentral Lobule","541","5M","approx"
"M1 muscarinic","Acetylcholine","Calcarine","Calcarine Cortex","594","V1","exact"
"M1 muscarinic","Acetylcholine","Cuneus","Cuneus","415","V2d V3A V3d","approx"
"M1 muscarinic","Acetylcholine","Lingual","Lingual Gyrus","591.3","V2v V3v V4v","approx"
"M1 muscarinic","Acetylcholine","Occipital_Sup","Superior Occipital Gyrus","379","V3A V3d","approx"
"M1 muscarinic","Acetylcholine","Occipital_Mid","Middle Occipital Gyrus","952","37L","approx"
"M1 muscarinic","Acetylcholine","Occipital_Inf","Inferior Occipital Gyrus","584","V3v V4v","approx"
"M1 muscarinic","Acetylcholine","Fusiform","Fusiform Gyrus","643.5","FG1 FG2 37B 37M","approx"
"M2 muscarinic","Acetylcholine","Precentral","Precentral Gyrus","143","4 6","approx"
"M2 muscarinic","Acetylcholine","Frontal_Sup","Superior Frontal Gyrus","201.5","8 9","approx"
"M2 muscarinic","Acetylcholine","Frontal_Mid","Middle Frontal Gyrus","208.5","8 9 10L 46","approx"
"M2 muscarinic","Acetylcholine","Frontal_Inf_Oper","Inferior Frontal Gyrus, Opercular","247","44","exact"
"M2 muscarinic","Acetylcholine","Frontal_Inf_Tri","Inferior Frontal Gyrus, Triangular","215","45","exact"
"M2 muscarinic","Acetylcholine","Frontal_Inf_Orb","Inferior Frontal Gyrus, Orbital","198","47","approx"
"M2 muscarinic","Acetylcholine","Supp_Motor_Area","Supplementary Motor Area","145","6","approx"
"M2 muscarinic","Acetylcholine","Frontal_Sup_Medial","Superior Frontal Gyrus, Medial","195","10M","approx"
"M2 muscarinic","Acetylcholine","Frontal_Med_Orb","Medial Orbitofrontal Cortex","173","11","approx"
"M2 muscarinic","Acetylcholine","Rectus","Gyrus Rectus","173","11","approx"
"M2 muscarinic","Acetylcholine","Cingulum_Ant","Anterior Cingulate","215","24 32","approx"
"M2 muscarinic","Acetylcholine","Cingulum_Mid","Middle Cingulate","207.5","24 23","approx"
"M2 muscarinic","Acetylcholine","Cingulum_Post","Posterior Cingulate","203","23 31","approx"
"M2 muscarinic","Acetylcholine","ParaHippocampal","Parahippocampal Gyrus","127","36","approx"
"M2 muscarinic","Acetylcholine","Heschl","Heschl's Gyrus","232","41 42","approx"
"M2 muscarinic","Acetylcholine","Temporal_Sup","Superior Temporal Gyrus","179","42 22","approx"
"M2 muscarinic","Acetylcholine","Temporal_Pole_Sup","Temporal Pole, Superior","199","38","exact"
"M2 muscarinic","Acetylcholine","Temporal_Mid","Middle Temporal Gyrus","157","21","exact"
"M2 muscarinic","Acetylcholine","Temporal_Pole_Mid","Temporal Pole, Middle","199","38","exact"
"M2 muscarinic","Acetylcholine","Temporal_Inf","Inferior Temporal Gyrus","152","37B 37L 20","approx"
"M2 muscarinic","Acetylcholine","Postcentral","Postcentral Gyrus","208.8","1 2 3a 3b","exact"
"M2 muscarinic","Acetylcholine","Parietal_Sup","Superior Parietal Lobule","174","5L","approx"
"M2 muscarinic","Acetylcholine","Parietal_Inf","Inferior Parietal Lobule","187","PFm","approx"
"M2 muscarinic","Acetylcholine","SupraMarginal","Supramarginal Gyrus","182","PFt PFm","approx"
"M2 muscarinic","Acetylcholine","Angular","Angular Gyrus","226.5","PGa PGp","exact"
"M2 muscarinic","Acetylcholine","Precuneus","Precuneus","203.5","31 5M","approx"
"M2 muscarinic","Acetylcholine","Paracentral_Lobule","Paracentral Lobule","197","5M","approx"
"M2 muscarinic","Acetylcholine","Calcarine","Calcarine Cortex","462","V1","exact"
"M2 muscarinic","Acetylcholine","Cuneus","Cuneus","271.3","V2d V3A V3d","approx"
"M2 muscarinic","Acetylcholine","Lingual","Lingual Gyrus","294","V2v V3v V4v","approx"
"M2 muscarinic","Acetylcholine","Occipital_Sup","Superior Occipital Gyrus","211","V3A V3d","approx"
"M2 muscarinic","Acetylcholine","Occipital_Mid","Middle Occipital Gyrus","169","37L","approx"
"M2 muscarinic","Acetylcholine","Occipital_Inf","Inferior Occipital Gyrus","267.5","V3v V4v","approx"
"M2 muscarinic","Acetylcholine","Fusiform","Fusiform Gyrus","176","FG1 FG2 37B 37M","approx"
"M3 muscarinic","Acetylcholine","Precentral","Precentral Gyrus","406","4 6","approx"
"M3 muscarinic","Acetylcholine","Frontal_Sup","Superior Frontal Gyrus","637","8 9","approx"
"M3 muscarinic","Acetylcholine","Frontal_Mid","Middle Frontal Gyrus","679.5","8 9 10L 46","approx"
"M3 muscarinic","Acetylcholine","Frontal_Inf_Oper","Inferior Frontal Gyrus, Opercular","432","44","exact"
"M3 muscarinic","Acetylcholine","Frontal_Inf_Tri","Inferior Frontal Gyrus, Triangular","420","45","exact"
"M3 muscarinic","Acetylcholine","Frontal_Inf_Orb","Inferior Frontal Gyrus, Orbital","640","47","approx"
"M3 muscarinic","Acetylcholine","Supp_Motor_Area","Supplementary Motor Area","412","6","approx"
"M3 muscarinic","Acetylcholine","Frontal_Sup_Medial","Superior Frontal Gyrus, Medial","779","10M","approx"
"M3 muscarinic","Acetylcholine","Frontal_Med_Orb","Medial Orbitofrontal Cortex","879","11","approx"
"M3 muscarinic","Acetylcholine","Rectus","Gyrus Rectus","879","11","approx"
"M3 muscarinic","Acetylcholine","Cingulum_Ant","Anterior Cingulate","541","24 32","approx"
"M3 muscarinic","Acetylcholine","Cingulum_Mid","Middle Cingulate","593.5","24 23","approx"
"M3 muscarinic","Acetylcholine","Cingulum_Post","Posterior Cingulate","702.5","23 31","approx"
"M3 muscarinic","Acetylcholine","ParaHippocampal","Parahippocampal Gyrus","604","36","approx"
"M3 muscarinic","Acetylcholine","Heschl","Heschl's Gyrus","573.5","41 42","approx"
"M3 muscarinic","Acetylcholine","Temporal_Sup","Superior Temporal Gyrus","611.5","42 22","approx"
"M3 muscarinic","Acetylcholine","Temporal_Pole_Sup","Temporal Pole, Superior","534","38","exact"
"M3 muscarinic","Acetylcholine","Temporal_Mid","Middle Temporal Gyrus","649","21","exact"
"M3 muscarinic","Acetylcholine","Temporal_Pole_Mid","Temporal Pole, Middle","534","38","exact"
"M3 muscarinic","Acetylcholine","Temporal_Inf","Inferior Temporal Gyrus","736.3","37B 37L 20","approx"
"M3 muscarinic","Acetylcholine","Postcentral","Postcentral Gyrus","556.3","1 2 3a 3b","exact"
"M3 muscarinic","Acetylcholine","Parietal_Sup","Superior Parietal Lobule","989","5L","approx"
"M3 muscarinic","Acetylcholine","Parietal_Inf","Inferior Parietal Lobule","720","PFm","approx"
"M3 muscarinic","Acetylcholine","SupraMarginal","Supramarginal Gyrus","733","PFt PFm","approx"
"M3 muscarinic","Acetylcholine","Angular","Angular Gyrus","1301","PGa PGp","exact"
"M3 muscarinic","Acetylcholine","Precuneus","Precuneus","883","31 5M","approx"
"M3 muscarinic","Acetylcholine","Paracentral_Lobule","Paracentral Lobule","1004","5M","approx"
"M3 muscarinic","Acetylcholine","Calcarine","Calcarine Cortex","540","V1","exact"
"M3 muscarinic","Acetylcholine","Cuneus","Cuneus","401.3","V2d V3A V3d","approx"
"M3 muscarinic","Acetylcholine","Lingual","Lingual Gyrus","441.3","V2v V3v V4v","approx"
"M3 muscarinic","Acetylcholine","Occipital_Sup","Superior Occipital Gyrus","391.5","V3A V3d","approx"
"M3 muscarinic","Acetylcholine","Occipital_Mid","Middle Occipital Gyrus","1014","37L","approx"
"M3 muscarinic","Acetylcholine","Occipital_Inf","Inferior Occipital Gyrus","423","V3v V4v","approx"
"M3 muscarinic","Acetylcholine","Fusiform","Fusiform Gyrus","671","FG1 FG2 37B 37M","approx"
"α4β2 nicotinic","Acetylcholine","Precentral","Precentral Gyrus","51.5","4 6","approx"
"α4β2 nicotinic","Acetylcholine","Frontal_Sup","Superior Frontal Gyrus","90","8 9","approx"
"α4β2 nicotinic","Acetylcholine","Frontal_Mid","Middle Frontal Gyrus","88.5","8 9 10L 46","approx"
"α4β2 nicotinic","Acetylcholine","Frontal_Inf_Oper","Inferior Frontal Gyrus, Opercular","47","44","exact"
"α4β2 nicotinic","Acetylcholine","Frontal_Inf_Tri","Inferior Frontal Gyrus, Triangular","47","45","exact"
"α4β2 nicotinic","Acetylcholine","Frontal_Inf_Orb","Inferior Frontal Gyrus, Orbital","89","47","approx"
"α4β2 nicotinic","Acetylcholine","Supp_Motor_Area","Supplementary Motor Area","34","6","approx"
"α4β2 nicotinic","Acetylcholine","Frontal_Sup_Medial","Superior Frontal Gyrus, Medial","68","10M","approx"
"α4β2 nicotinic","Acetylcholine","Frontal_Med_Orb","Medial Orbitofrontal Cortex","60","11","approx"
"α4β2 nicotinic","Acetylcholine","Rectus","Gyrus Rectus","60","11","approx"
"α4β2 nicotinic","Acetylcholine","Cingulum_Ant","Anterior Cingulate","99","24 32","approx"
"α4β2 nicotinic","Acetylcholine","Cingulum_Mid","Middle Cingulate","66","24 23","approx"
"α4β2 nicotinic","Acetylcholine","Cingulum_Post","Posterior Cingulate","51.5","23 31","approx"
"α4β2 nicotinic","Acetylcholine","ParaHippocampal","Parahippocampal Gyrus","34","36","approx"
"α4β2 nicotinic","Acetylcholine","Heschl","Heschl's Gyrus","46","41 42","approx"
"α4β2 nicotinic","Acetylcholine","Temporal_Sup","Superior Temporal Gyrus","34","42 22","approx"
"α4β2 nicotinic","Acetylcholine","Temporal_Pole_Sup","Temporal Pole, Superior","39","38","exact"
"α4β2 nicotinic","Acetylcholine","Temporal_Mid","Middle Temporal Gyrus","34","21","exact"
"α4β2 nicotinic","Acetylcholine","Temporal_Pole_Mid","Temporal Pole, Middle","39","38","exact"
"α4β2 nicotinic","Acetylcholine","Temporal_Inf","Inferior Temporal Gyrus","36","37B 37L 20","approx"
"α4β2 nicotinic","Acetylcholine","Postcentral","Postcentral Gyrus","41.8","1 2 3a 3b","exact"
"α4β2 nicotinic","Acetylcholine","Parietal_Sup","Superior Parietal Lobule","39","5L","approx"
"α4β2 nicotinic","Acetylcholine","Parietal_Inf","Inferior Parietal Lobule","33","PFm","approx"
"α4β2 nicotinic","Acetylcholine","SupraMarginal","Supramarginal Gyrus","30.5","PFt PFm","approx"
"α4β2 nicotinic","Acetylcholine","Angular","Angular Gyrus","45.5","PGa PGp","exact"
"α4β2 nicotinic","Acetylcholine","Precuneus","Precuneus","43","31 5M","approx"
"α4β2 nicotinic","Acetylcholine","Paracentral_Lobule","Paracentral Lobule","41","5M","approx"
"α4β2 nicotinic","Acetylcholine","Calcarine","Calcarine Cortex","39","V1","exact"
"α4β2 nicotinic","Acetylcholine","Cuneus","Cuneus","37.3","V2d V3A V3d","approx"
"α4β2 nicotinic","Acetylcholine","Lingual","Lingual Gyrus","41","V2v V3v V4v","approx"
"α4β2 nicotinic","Acetylcholine","Occipital_Sup","Superior Occipital Gyrus","37.5","V3A V3d","approx"
"α4β2 nicotinic","Acetylcholine","Occipital_Mid","Middle Occipital Gyrus","36","37L","approx"
"α4β2 nicotinic","Acetylcholine","Occipital_Inf","Inferior Occipital Gyrus","42","V3v V4v","approx"
"α4β2 nicotinic","Acetylcholine","Fusiform","Fusiform Gyrus","45.5","FG1 FG2 37B 37M","approx"
"α1 adrenoceptors (class)","Noradrenaline","Precentral","Precentral Gyrus","1036.5","4 6","approx"
"α1 adrenoceptors (class)","Noradrenaline","Frontal_Sup","Superior Frontal Gyrus","313","8 9","approx"
"α1 adrenoceptors (class)","Noradrenaline","Frontal_Mid","Middle Frontal Gyrus","309","8 9 10L 46","approx"
"α1 adrenoceptors (class)","Noradrenaline","Frontal_Inf_Oper","Inferior Frontal Gyrus, Opercular","126","44","exact"
"α1 adrenoceptors (class)","Noradrenaline","Frontal_Inf_Tri","Inferior Frontal Gyrus, Triangular","200","45","exact"
"α1 adrenoceptors (class)","Noradrenaline","Frontal_Inf_Orb","Inferior Frontal Gyrus, Orbital","308","47","approx"
"α1 adrenoceptors (class)","Noradrenaline","Supp_Motor_Area","Supplementary Motor Area","1880","6","approx"
"α1 adrenoceptors (class)","Noradrenaline","Frontal_Sup_Medial","Superior Frontal Gyrus, Medial","304","10M","approx"
"α1 adrenoceptors (class)","Noradrenaline","Frontal_Med_Orb","Medial Orbitofrontal Cortex","349","11","approx"
"α1 adrenoceptors (class)","Noradrenaline","Rectus","Gyrus Rectus","349","11","approx"
"α1 adrenoceptors (class)","Noradrenaline","Cingulum_Ant","Anterior Cingulate","460.5","24 32","approx"
"α1 adrenoceptors (class)","Noradrenaline","Cingulum_Mid","Middle Cingulate","401.5","24 23","approx"
"α1 adrenoceptors (class)","Noradrenaline","Cingulum_Post","Posterior Cingulate","328","23 31","approx"
"α1 adrenoceptors (class)","Noradrenaline","ParaHippocampal","Parahippocampal Gyrus","701","36","approx"
"α1 adrenoceptors (class)","Noradrenaline","Heschl","Heschl's Gyrus","256","41 42","approx"
"α1 adrenoceptors (class)","Noradrenaline","Temporal_Sup","Superior Temporal Gyrus","448.5","42 22","approx"
"α1 adrenoceptors (class)","Noradrenaline","Temporal_Pole_Sup","Temporal Pole, Superior","317","38","exact"
"α1 adrenoceptors (class)","Noradrenaline","Temporal_Mid","Middle Temporal Gyrus","656","21","exact"
"α1 adrenoceptors (class)","Noradrenaline","Temporal_Pole_Mid","Temporal Pole, Middle","317","38","exact"
"α1 adrenoceptors (class)","Noradrenaline","Temporal_Inf","Inferior Temporal Gyrus","417.3","37B 37L 20","approx"
"α1 adrenoceptors (class)","Noradrenaline","Postcentral","Postcentral Gyrus","284","1 2 3a 3b","exact"
"α1 adrenoceptors (class)","Noradrenaline","Parietal_Sup","Superior Parietal Lobule","309","5L","approx"
"α1 adrenoceptors (class)","Noradrenaline","Parietal_Inf","Inferior Parietal Lobule","321","PFm","approx"
"α1 adrenoceptors (class)","Noradrenaline","SupraMarginal","Supramarginal Gyrus","302.5","PFt PFm","approx"
"α1 adrenoceptors (class)","Noradrenaline","Angular","Angular Gyrus","301","PGa PGp","exact"
"α1 adrenoceptors (class)","Noradrenaline","Precuneus","Precuneus","348","31 5M","approx"
"α1 adrenoceptors (class)","Noradrenaline","Paracentral_Lobule","Paracentral Lobule","317","5M","approx"
"α1 adrenoceptors (class)","Noradrenaline","Calcarine","Calcarine Cortex","262","V1","exact"
"α1 adrenoceptors (class)","Noradrenaline","Cuneus","Cuneus","294.3","V2d V3A V3d","approx"
"α1 adrenoceptors (class)","Noradrenaline","Lingual","Lingual Gyrus","296.7","V2v V3v V4v","approx"
"α1 adrenoceptors (class)","Noradrenaline","Occipital_Sup","Superior Occipital Gyrus","280.5","V3A V3d","approx"
"α1 adrenoceptors (class)","Noradrenaline","Occipital_Mid","Middle Occipital Gyrus","307","37L","approx"
"α1 adrenoceptors (class)","Noradrenaline","Occipital_Inf","Inferior Occipital Gyrus","283.5","V3v V4v","approx"
"α1 adrenoceptors (class)","Noradrenaline","Fusiform","Fusiform Gyrus","278.8","FG1 FG2 37B 37M","approx"
"α2 adrenoceptors (class)","Noradrenaline","Precentral","Precentral Gyrus","101.5","4 6","approx"
"α2 adrenoceptors (class)","Noradrenaline","Frontal_Sup","Superior Frontal Gyrus","205","8 9","approx"
"α2 adrenoceptors (class)","Noradrenaline","Frontal_Mid","Middle Frontal Gyrus","200","8 9 10L 46","approx"
"α2 adrenoceptors (class)","Noradrenaline","Frontal_Inf_Oper","Inferior Frontal Gyrus, Opercular","179","44","exact"
"α2 adrenoceptors (class)","Noradrenaline","Frontal_Inf_Tri","Inferior Frontal Gyrus, Triangular","165","45","exact"
"α2 adrenoceptors (class)","Noradrenaline","Frontal_Inf_Orb","Inferior Frontal Gyrus, Orbital","193","47","approx"
"α2 adrenoceptors (class)","Noradrenaline","Supp_Motor_Area","Supplementary Motor Area","92","6","approx"
"α2 adrenoceptors (class)","Noradrenaline","Frontal_Sup_Medial","Superior Frontal Gyrus, Medial","177","10M","approx"
"α2 adrenoceptors (class)","Noradrenaline","Frontal_Med_Orb","Medial Orbitofrontal Cortex","207","11","approx"
"α2 adrenoceptors (class)","Noradrenaline","Rectus","Gyrus Rectus","207","11","approx"
"α2 adrenoceptors (class)","Noradrenaline","Cingulum_Ant","Anterior Cingulate","255.5","24 32","approx"
"α2 adrenoceptors (class)","Noradrenaline","Cingulum_Mid","Middle Cingulate","184.5","24 23","approx"
"α2 adrenoceptors (class)","Noradrenaline","Cingulum_Post","Posterior Cingulate","141.5","23 31","approx"
"α2 adrenoceptors (class)","Noradrenaline","ParaHippocampal","Parahippocampal Gyrus","175","36","approx"
"α2 adrenoceptors (class)","Noradrenaline","Heschl","Heschl's Gyrus","236.5","41 42","approx"
"α2 adrenoceptors (class)","Noradrenaline","Temporal_Sup","Superior Temporal Gyrus","200","42 22","approx"
"α2 adrenoceptors (class)","Noradrenaline","Temporal_Pole_Sup","Temporal Pole, Superior","127","38","exact"
"α2 adrenoceptors (class)","Noradrenaline","Temporal_Mid","Middle Temporal Gyrus","184","21","exact"
"α2 adrenoceptors (class)","Noradrenaline","Temporal_Pole_Mid","Temporal Pole, Middle","127","38","exact"
"α2 adrenoceptors (class)","Noradrenaline","Temporal_Inf","Inferior Temporal Gyrus","159","37B 37L 20","approx"
"α2 adrenoceptors (class)","Noradrenaline","Postcentral","Postcentral Gyrus","259.5","1 2 3a 3b","exact"
"α2 adrenoceptors (class)","Noradrenaline","Parietal_Sup","Superior Parietal Lobule","157","5L","approx"
"α2 adrenoceptors (class)","Noradrenaline","Parietal_Inf","Inferior Parietal Lobule","159","PFm","approx"
"α2 adrenoceptors (class)","Noradrenaline","SupraMarginal","Supramarginal Gyrus","150.5","PFt PFm","approx"
"α2 adrenoceptors (class)","Noradrenaline","Angular","Angular Gyrus","157","PGa PGp","exact"
"α2 adrenoceptors (class)","Noradrenaline","Precuneus","Precuneus","157.5","31 5M","approx"
"α2 adrenoceptors (class)","Noradrenaline","Paracentral_Lobule","Paracentral Lobule","159","5M","approx"
"α2 adrenoceptors (class)","Noradrenaline","Calcarine","Calcarine Cortex","353","V1","exact"
"α2 adrenoceptors (class)","Noradrenaline","Cuneus","Cuneus","240.7","V2d V3A V3d","approx"
"α2 adrenoceptors (class)","Noradrenaline","Lingual","Lingual Gyrus","211.3","V2v V3v V4v","approx"
"α2 adrenoceptors (class)","Noradrenaline","Occipital_Sup","Superior Occipital Gyrus","227.5","V3A V3d","approx"
"α2 adrenoceptors (class)","Noradrenaline","Occipital_Mid","Middle Occipital Gyrus","146","37L","approx"
"α2 adrenoceptors (class)","Noradrenaline","Occipital_Inf","Inferior Occipital Gyrus","202","V3v V4v","approx"
"α2 adrenoceptors (class)","Noradrenaline","Fusiform","Fusiform Gyrus","146.5","FG1 FG2 37B 37M","approx"
"5-HT1A","Serotonin","Precentral","Precentral Gyrus","200","4 6","approx"
"5-HT1A","Serotonin","Frontal_Sup","Superior Frontal Gyrus","426","8 9","approx"
"5-HT1A","Serotonin","Frontal_Mid","Middle Frontal Gyrus","451.5","8 9 10L 46","approx"
"5-HT1A","Serotonin","Frontal_Inf_Oper","Inferior Frontal Gyrus, Opercular","284","44","exact"
"5-HT1A","Serotonin","Frontal_Inf_Tri","Inferior Frontal Gyrus, Triangular","404","45","exact"
"5-HT1A","Serotonin","Frontal_Inf_Orb","Inferior Frontal Gyrus, Orbital","505","47","approx"
"5-HT1A","Serotonin","Supp_Motor_Area","Supplementary Motor Area","238","6","approx"
"5-HT1A","Serotonin","Frontal_Sup_Medial","Superior Frontal Gyrus, Medial","444","10M","approx"
"5-HT1A","Serotonin","Frontal_Med_Orb","Medial Orbitofrontal Cortex","505","11","approx"
"5-HT1A","Serotonin","Rectus","Gyrus Rectus","505","11","approx"
"5-HT1A","Serotonin","Cingulum_Ant","Anterior Cingulate","510.5","24 32","approx"
"5-HT1A","Serotonin","Cingulum_Mid","Middle Cingulate","436.5","24 23","approx"
"5-HT1A","Serotonin","Cingulum_Post","Posterior Cingulate","367.5","23 31","approx"
"5-HT1A","Serotonin","ParaHippocampal","Parahippocampal Gyrus","688","36","approx"
"5-HT1A","Serotonin","Heschl","Heschl's Gyrus","542","41 42","approx"
"5-HT1A","Serotonin","Temporal_Sup","Superior Temporal Gyrus","555.5","42 22","approx"
"5-HT1A","Serotonin","Temporal_Pole_Sup","Temporal Pole, Superior","603","38","exact"
"5-HT1A","Serotonin","Temporal_Mid","Middle Temporal Gyrus","664","21","exact"
"5-HT1A","Serotonin","Temporal_Pole_Mid","Temporal Pole, Middle","603","38","exact"
"5-HT1A","Serotonin","Temporal_Inf","Inferior Temporal Gyrus","540","37B 37L 20","approx"
"5-HT1A","Serotonin","Postcentral","Postcentral Gyrus","440","1 2 3a 3b","exact"
"5-HT1A","Serotonin","Parietal_Sup","Superior Parietal Lobule","441","5L","approx"
"5-HT1A","Serotonin","Parietal_Inf","Inferior Parietal Lobule","488","PFm","approx"
"5-HT1A","Serotonin","SupraMarginal","Supramarginal Gyrus","490.5","PFt PFm","approx"
"5-HT1A","Serotonin","Angular","Angular Gyrus","375","PGa PGp","exact"
"5-HT1A","Serotonin","Precuneus","Precuneus","413.5","31 5M","approx"
"5-HT1A","Serotonin","Paracentral_Lobule","Paracentral Lobule","397","5M","approx"
"5-HT1A","Serotonin","Calcarine","Calcarine Cortex","267","V1","exact"
"5-HT1A","Serotonin","Cuneus","Cuneus","331","V2d V3A V3d","approx"
"5-HT1A","Serotonin","Lingual","Lingual Gyrus","378.3","V2v V3v V4v","approx"
"5-HT1A","Serotonin","Occipital_Sup","Superior Occipital Gyrus","343.5","V3A V3d","approx"
"5-HT1A","Serotonin","Occipital_Mid","Middle Occipital Gyrus","450","37L","approx"
"5-HT1A","Serotonin","Occipital_Inf","Inferior Occipital Gyrus","397","V3v V4v","approx"
"5-HT1A","Serotonin","Fusiform","Fusiform Gyrus","408","FG1 FG2 37B 37M","approx"
"5-HT2 (class)","Serotonin","Precentral","Precentral Gyrus","218.5","4 6","approx"
"5-HT2 (class)","Serotonin","Frontal_Sup","Superior Frontal Gyrus","301","8 9","approx"
"5-HT2 (class)","Serotonin","Frontal_Mid","Middle Frontal Gyrus","312.5","8 9 10L 46","approx"
"5-HT2 (class)","Serotonin","Frontal_Inf_Oper","Inferior Frontal Gyrus, Opercular","271","44","exact"
"5-HT2 (class)","Serotonin","Frontal_Inf_Tri","Inferior Frontal Gyrus, Triangular","266","45","exact"
"5-HT2 (class)","Serotonin","Frontal_Inf_Orb","Inferior Frontal Gyrus, Orbital","366","47","approx"
"5-HT2 (class)","Serotonin","Supp_Motor_Area","Supplementary Motor Area","203","6","approx"
"5-HT2 (class)","Serotonin","Frontal_Sup_Medial","Superior Frontal Gyrus, Medial","297","10M","approx"
"5-HT2 (class)","Serotonin","Frontal_Med_Orb","Medial Orbitofrontal Cortex","334","11","approx"
"5-HT2 (class)","Serotonin","Rectus","Gyrus Rectus","334","11","approx"
"5-HT2 (class)","Serotonin","Cingulum_Ant","Anterior Cingulate","384","24 32","approx"
"5-HT2 (class)","Serotonin","Cingulum_Mid","Middle Cingulate","400","24 23","approx"
"5-HT2 (class)","Serotonin","Cingulum_Post","Posterior Cingulate","406","23 31","approx"
"5-HT2 (class)","Serotonin","ParaHippocampal","Parahippocampal Gyrus","375","36","approx"
"5-HT2 (class)","Serotonin","Heschl","Heschl's Gyrus","388.5","41 42","approx"
"5-HT2 (class)","Serotonin","Temporal_Sup","Superior Temporal Gyrus","367.5","42 22","approx"
"5-HT2 (class)","Serotonin","Temporal_Pole_Sup","Temporal Pole, Superior","392","38","exact"
"5-HT2 (class)","Serotonin","Temporal_Mid","Middle Temporal Gyrus","410","21","exact"
"5-HT2 (class)","Serotonin","Temporal_Pole_Mid","Temporal Pole, Middle","392","38","exact"
"5-HT2 (class)","Serotonin","Temporal_Inf","Inferior Temporal Gyrus","338.7","37B 37L 20","approx"
"5-HT2 (class)","Serotonin","Postcentral","Postcentral Gyrus","363.8","1 2 3a 3b","exact"
"5-HT2 (class)","Serotonin","Parietal_Sup","Superior Parietal Lobule","387","5L","approx"
"5-HT2 (class)","Serotonin","Parietal_Inf","Inferior Parietal Lobule","368","PFm","approx"
"5-HT2 (class)","Serotonin","SupraMarginal","Supramarginal Gyrus","362.5","PFt PFm","approx"
"5-HT2 (class)","Serotonin","Angular","Angular Gyrus","353.5","PGa PGp","exact"
"5-HT2 (class)","Serotonin","Precuneus","Precuneus","395","31 5M","approx"
"5-HT2 (class)","Serotonin","Paracentral_Lobule","Paracentral Lobule","377","5M","approx"
"5-HT2 (class)","Serotonin","Calcarine","Calcarine Cortex","506","V1","exact"
"5-HT2 (class)","Serotonin","Cuneus","Cuneus","368","V2d V3A V3d","approx"
"5-HT2 (class)","Serotonin","Lingual","Lingual Gyrus","409.7","V2v V3v V4v","approx"
"5-HT2 (class)","Serotonin","Occipital_Sup","Superior Occipital Gyrus","355.5","V3A V3d","approx"
"5-HT2 (class)","Serotonin","Occipital_Mid","Middle Occipital Gyrus","343","37L","approx"
"5-HT2 (class)","Serotonin","Occipital_Inf","Inferior Occipital Gyrus","389","V3v V4v","approx"
"5-HT2 (class)","Serotonin","Fusiform","Fusiform Gyrus","272.8","FG1 FG2 37B 37M","approx"
"D1","Dopamine","Precentral","Precentral Gyrus","39.5","4 6","approx"
"D1","Dopamine","Frontal_Sup","Superior Frontal Gyrus","74.5","8 9","approx"
"D1","Dopamine","Frontal_Mid","Middle Frontal Gyrus","74.5","8 9 10L 46","approx"
"D1","Dopamine","Frontal_Inf_Oper","Inferior Frontal Gyrus, Opercular","62","44","exact"
"D1","Dopamine","Frontal_Inf_Tri","Inferior Frontal Gyrus, Triangular","69","45","exact"
"D1","Dopamine","Frontal_Inf_Orb","Inferior Frontal Gyrus, Orbital","71","47","approx"
"D1","Dopamine","Supp_Motor_Area","Supplementary Motor Area","30","6","approx"
"D1","Dopamine","Frontal_Sup_Medial","Superior Frontal Gyrus, Medial","74","10M","approx"
"D1","Dopamine","Frontal_Med_Orb","Medial Orbitofrontal Cortex","85","11","approx"
"D1","Dopamine","Rectus","Gyrus Rectus","85","11","approx"
"D1","Dopamine","Cingulum_Ant","Anterior Cingulate","90","24 32","approx"
"D1","Dopamine","Cingulum_Mid","Middle Cingulate","85.5","24 23","approx"
"D1","Dopamine","Cingulum_Post","Posterior Cingulate","78.5","23 31","approx"
"D1","Dopamine","ParaHippocampal","Parahippocampal Gyrus","67","36","approx"
"D1","Dopamine","Heschl","Heschl's Gyrus","70.5","41 42","approx"
"D1","Dopamine","Temporal_Sup","Superior Temporal Gyrus","62","42 22","approx"
"D1","Dopamine","Temporal_Pole_Sup","Temporal Pole, Superior","97","38","exact"
"D1","Dopamine","Temporal_Mid","Middle Temporal Gyrus","69","21","exact"
"D1","Dopamine","Temporal_Pole_Mid","Temporal Pole, Middle","97","38","exact"
"D1","Dopamine","Temporal_Inf","Inferior Temporal Gyrus","76","37B 37L 20","approx"
"D1","Dopamine","Postcentral","Postcentral Gyrus","78.5","1 2 3a 3b","exact"
"D1","Dopamine","Parietal_Sup","Superior Parietal Lobule","77","5L","approx"
"D1","Dopamine","Parietal_Inf","Inferior Parietal Lobule","77","PFm","approx"
"D1","Dopamine","SupraMarginal","Supramarginal Gyrus","75","PFt PFm","approx"
"D1","Dopamine","Angular","Angular Gyrus","75.5","PGa PGp","exact"
"D1","Dopamine","Precuneus","Precuneus","78.5","31 5M","approx"
"D1","Dopamine","Paracentral_Lobule","Paracentral Lobule","74","5M","approx"
"D1","Dopamine","Calcarine","Calcarine Cortex","118","V1","exact"
"D1","Dopamine","Cuneus","Cuneus","101","V2d V3A V3d","approx"
"D1","Dopamine","Lingual","Lingual Gyrus","102","V2v V3v V4v","approx"
"D1","Dopamine","Occipital_Sup","Superior Occipital Gyrus","98.5","V3A V3d","approx"
"D1","Dopamine","Occipital_Mid","Middle Occipital Gyrus","81","37L","approx"
"D1","Dopamine","Occipital_Inf","Inferior Occipital Gyrus","97.5","V3v V4v","approx"
"D1","Dopamine","Fusiform","Fusiform Gyrus","73.8","FG1 FG2 37B 37M","approx"
